Workbook

Sheet README
B2: Demand Forecasting for Reordering
B4: Business Problem
B5: Ordering too little means stockouts; ordering too much ties up cash in inventory. Predicting next month's demand per SKU — accounting for seasonality and trend, not just last month's number — lets buyers set order quantities with real confidence instead of a gut-feel guess.
B7: Excel Skills Demonstrated
B8: • FORECAST.ETS for exponential-smoothing forecasts that account for trend and seasonality
B9: • A 3-month moving average as a simple naive baseline for comparison
B10: • Trendlines (on the Dashboard chart) for a quick visual sanity check
B11: • Seasonality built into and recovered from 36 months of monthly history
B12: • MAPE (Mean Absolute Percentage Error) back-tested on a 6-month holdout, comparing FORECAST.ETS against the naive baseline
B13: • Conditional formatting to flag which SKUs forecast least reliably
B15: Method
B16: Historical Demand holds 36 months of actual unit sales per SKU (Jan 2023 - Dec 2025), wide format: one row per SKU, one column per month.
... B29: Source: synthetic monthly demand generated for this project (see gen_demand_data.py), with category-level seasonality and a per-SKU growth trend intentionally built in. Product master shared with the earlier projects in this repo for portfolio continuity.

Sheet Dashboard
B2: Demand Forecasting Dashboard
B3: 20 SKUs | 36 Months History | 6-Month Forward Forecast
B5: Avg ETS MAPE | D5: Avg Naive MAPE | F5: Next Month Forecast (units) | H5: Best-Forecasted SKU
B6: =AVERAGE('Forecast Validation'!O2:O21) -> 0.092188906 | D6: =AVERAGE('Forecast Validation'!Q2:Q21) -> 0.20407011 | F6: ='Forward Forecast'!D23 -> 1258.2836 | H6: =INDEX('Forecast Validation'!B2:B21,MATCH(MIN('Forecast Validation'!O2:O21),'Forecast Validation'!O2:O21,0)) -> Running Sneakers
B9: ETS beats the naive 3-month-average baseline when its MAPE is lower — confirming the extra modeling effort actually earns better order-quantity decisions.

Sheet Historical Demand
A1: SKU | B1: Product | C1: Category | D1: 44927 | E1: 44958 | F1: 44986 | G1: 45017 | H1: 45047 | I1: 45078 | J1: 45108 | K1: 45139 | L1: 45170 | M1: 45200 | N1: 45231 | O1: 45261 | P1: 45292 | Q1: 45323 | R1: 45352 | S1: 45383 | T1: 45413 | U1: 45444 | V1: 45474 | W1: 45505 | X1: 45536 | Y1: 45566 | Z1: 45597 | AA1: 45627 | AB1: 45658 | AC1: 45689 | AD1: 45717 | AE1: 45748 | AF1: 45778 | AG1: 45809 | AH1: 45839 | AI1: 45870 | AJ1: 45901 | AK1: 45931 | AL1: 45962 | AM1: 45992
A2: APP-101 | B2: Classic Denim Jacket | C2: Apparel | D2: 46 | E2: 41 | F2: 49 | G2: 56 | H2: 63 | I2: 51 | J2: 50 | K2: 58 | L2: 65 | M2: 78 | N2: 77 | O2: 71 | P2: 53 | Q2: 45 | R2: 64 | S2: 63 | T2: 64 | U2: 62 | V2: 52 | W2: 63 | X2: 77 | Y2: 75 | Z2: 94 | AA2: 80 | AB2: 60 | AC2: 53 | AD2: 63 | AE2: 68 | AF2: 64 | AG2: 61 | AH2: 70 | AI2: 67 | AJ2: 77 | AK2: 94 | AL2: 96 | AM2: 97
A3: APP-102 | B3: Cotton Crew T-Shirt | C3: Apparel | D3: 78 | E3: 71 | F3: 100 | G3: 93 | H3: 108 | I3: 94 | J3: 98 | K3: 103 | L3: 112 | M3: 105 | N3: 114 | O3: 118 | P3: 91 | Q3: 72 | R3: 94 | S3: 95 | T3: 102 | U3: 85 | V3: 88 | W3: 98 | X3: 105 | Y3: 133 | Z3: 121 | AA3: 117 | AB3: 84 | AC3: 82 | AD3: 107 | AE3: 107 | AF3: 117 | AG3: 112 | AH3: 88 | AI3: 111 | AJ3: 122 | AK3: 138 | AL3: 145 | AM3: 129
A4: APP-103 | B4: Fleece Pullover Hoodie | C4: Apparel | D4: 46 | E4: 44 | F4: 53 | G4: 59 | H4: 59 | I4: 55 | J4: 57 | K4: 63 | L4: 74 | M4: 83 | N4: 76 | O4: 83 | P4: 51 | Q4: 47 | R4: 59 | S4: 71 | T4: 62 | U4: 59 | V4: 59 | W4: 69 | X4: 73 | Y4: 81 | Z4: 87 | AA4: 75 | AB4: 65 | AC4: 62 | AD4: 71 | AE4: 73 | AF4: 74 | AG4: 66 | AH4: 68 | AI4: 72 | AJ4: 77 | AK4: 97 | AL4: 102 | AM4: 84
A5: APP-104 | B5: Slim Fit Chinos | C5: Apparel | D5: 44 | E5: 40 | F5: 43 | G5: 49 | H5: 54 | I5: 42 | J5: 44 | K5: 52 | L5: 52 | M5: 60 | N5: 72 | O5: 66 | P5: 46 | Q5: 41 | R5: 54 | S5: 51 | T5: 59 | U5: 48 | V5: 49 | W5: 51 | X5: 55 | Y5: 67 | Z5: 71 | AA5: 72 | AB5: 48 | AC5: 43 | AD5: 50 | AE5: 63 | AF5: 56 | AG5: 55 | AH5: 52 | AI5: 59 | AJ5: 57 | AK5: 70 | AL5: 68 | AM5: 71
A6: FTW-201 | B6: Running Sneakers | C6: Footwear | D6: 75 | E6: 82 | F6: 106 | G6: 105 | H6: 140 | I6: 121 | J6: 110 | K6: 94 | L6: 96 | M6: 76 | N6: 79 | O6: 93 | P6: 90 | Q6: 84 | R6: 122 | S6: 131 | T6: 141 | U6: 157 | V6: 140 | W6: 122 | X6: 113 | Y6: 105 | Z6: 101 | AA6: 112 | AB6: 107 | AC6: 100 | AD6: 120 | AE6: 142 | AF6: 171 | AG6: 178 | AH6: 174 | AI6: 142 | AJ6: 129 | AK6: 122 | AL6: 127 | AM6: 127
A7: FTW-202 | B7: Canvas Low-Top | C7: Footwear | D7: 44 | E7: 53 | F7: 69 | G7: 75 | H7: 77 | I7: 71 | J7: 67 | K7: 57 | L7: 52 | M7: 50 | N7: 52 | O7: 54 | P7: 47 | Q7: 57 | R7: 59 | S7: 69 | T7: 78 | U7: 81 | V7: 77 | W7: 63 | X7: 63 | Y7: 58 | Z7: 50 | AA7: 58 | AB7: 55 | AC7: 53 | AD7: 61 | AE7: 68 | AF7: 80 | AG7: 82 | AH7: 65 | AI7: 65 | AJ7: 61 | AK7: 53 | AL7: 55 | AM7: 56
A8: FTW-203 | B8: Leather Ankle Boot | C8: Footwear | D8: 28 | E8: 31 | F8: 37 | G8: 41 | H8: 43 | I8: 46 | J8: 35 | K8: 32 | L8: 31 | M8: 27 | N8: 29 | O8: 27 | P8: 27 | Q8: 30 | R8: 35 | S8: 43 | T8: 41 | U8: 40 | V8: 36 | W8: 34 | X8: 32 | Y8: 26 | Z8: 27 | AA8: 29 | AB8: 27 | AC8: 30 | AD8: 31 | AE8: 41 | AF8: 46 | AG8: 46 | AH8: 34 | AI8: 31 | AJ8: 33 | AK8: 28 | AL8: 24 | AM8: 30
A9: FTW-204 | B9: Slide Sandals | C9: Footwear | D9: 35 | E9: 37 | F9: 48 | G9: 53 | H9: 56 | I9: 51 | J9: 49 | K9: 48 | L9: 39 | M9: 35 | N9: 33 | O9: 39 | P9: 41 | Q9: 42 | R9: 44 | S9: 55 | T9: 67 | U9: 56 | V9: 60 | W9: 48 | X9: 46 | Y9: 45 | Z9: 44 | AA9: 39 | AB9: 44 | AC9: 47 | AD9: 59 | AE9: 67 | AF9: 69 | AG9: 66 | AH9: 55 | AI9: 55 | AJ9: 49 | AK9: 43 | AL9: 49 | AM9: 51
A10: ACC-301 | B10: Leather Belt | C10: Accessories | D10: 33 | E10: 29 | F10: 31 | G10: 38 | H10: 38 | I10: 44 | J10: 45 | K10: 37 | L10: 35 | M10: 35 | N10: 48 | O10: 46 | P10: 33 | Q10: 32 | R10: 35 | S10: 41 | T10: 38 | U10: 51 | V10: 43 | W10: 38 | X10: 37 | Y10: 41 | Z10: 42 | AA10: 54 | AB10: 35 | AC10: 29 | AD10: 37 | AE10: 37 | AF10: 44 | AG10: 47 | AH10: 47 | AI10: 35 | AJ10: 35 | AK10: 42 | AL10: 43 | AM10: 52
A11: ACC-302 | B11: Aviator Sunglasses | C11: Accessories | D11: 41 | E11: 35 | F11: 43 | G11: 47 | H11: 46 | I11: 60 | J11: 56 | K11: 54 | L11: 53 | M11: 43 | N11: 59 | O11: 66 | P11: 38 | Q11: 46 | R11: 43 | S11: 53 | T11: 55 | U11: 66 | V11: 58 | W11: 60 | X11: 52 | Y11: 49 | Z11: 70 | AA11: 70 | AB11: 49 | AC11: 44 | AD11: 57 | AE11: 56 | AF11: 68 | AG11: 76 | AH11: 70 | AI11: 67 | AJ11: 60 | AK11: 56 | AL11: 73 | AM11: 90
A12: ACC-303 | B12: Canvas Tote Bag | C12: Accessories | D12: 24 | E12: 24 | F12: 24 | G12: 28 | H12: 35 | I12: 35 | J12: 32 | K12: 32 | L12: 25 | M12: 25 | N12: 31 | O12: 37 | P12: 21 | Q12: 23 | R12: 25 | S12: 33 | T12: 31 | U12: 37 | V12: 33 | W12: 32 | X12: 26 | Y12: 27 | Z12: 32 | AA12: 39 | AB12: 23 | AC12: 24 | AD12: 30 | AE12: 27 | AF12: 31 | AG12: 37 | AH12: 37 | AI12: 29 | AJ12: 28 | AK12: 27 | AL12: 33 | AM12: 41
... A21: HOM-504 | B21: Bamboo Cutting Board | C21: Home Goods | D21: 30 | E21: 30 | F21: 33 | G21: 40 | H21: 37 | I21: 31 | J21: 24 | K21: 28 | L21: 27 | M21: 31 | N21: 40 | O21: 47 | P21: 31 | Q21: 29 | R21: 34 | S21: 35 | T21: 35 | U21: 29 | V21: 31 | W21: 30 | X21: 33 | Y21: 32 | Z21: 43 | AA21: 53 | AB21: 27 | AC21: 31 | AD21: 40 | AE21: 37 | AF21: 41 | AG21: 30 | AH21: 28 | AI21: 32 | AJ21: 36 | AK21: 38 | AL21: 45 | AM21: 51
A23: Total (all SKUs) | D23: =SUM(D2:D21) -> 932 | E23: =SUM(E2:E21) -> 858 | F23: =SUM(F2:F21) -> 1010 | G23: =SUM(G2:G21) -> 1060 | H23: =SUM(H2:H21) -> 1151 | I23: =SUM(I2:I21) -> 1100 | J23: =SUM(J2:J21) -> 1040 | K23: =SUM(K2:K21) -> 1050 | ... AM23: =SUM(AM2:AM21) -> 1666
A24: ETS Holdout Forecast (Total) | AH24: ='Forecast Validation'!I23 -> 1265.8511 | AI24: ='Forecast Validation'!J23 -> 1257.9499 | AJ24: ='Forecast Validation'!K23 -> 1265.9568 | AK24: ='Forecast Validation'!L23 -> 1294.8135 | AL24: ='Forecast Validation'!M23 -> 1492.549 | AM24: ='Forecast Validation'!N23 -> 1564.7156

Sheet Moving Average
A1: SKU | B1: Product | C1: 44927 | D1: 44958 | E1: 44986 | F1: 45017 | G1: 45047 | H1: 45078 | I1: 45108 | J1: 45139 | K1: 45170 | L1: 45200 | M1: 45231 | N1: 45261 | O1: 45292 | P1: 45323 | Q1: 45352 | R1: 45383 | S1: 45413 | T1: 45444 | U1: 45474 | V1: 45505 | W1: 45536 | X1: 45566 | Y1: 45597 | Z1: 45627 | AA1: 45658 | AB1: 45689 | AC1: 45717 | AD1: 45748 | AE1: 45778 | AF1: 45809 | AG1: 45839 | AH1: 45870 | AI1: 45901 | AJ1: 45931 | AK1: 45962 | AL1: 45992
A2: ='Historical Demand'!A2 -> APP-101 | B2: ='Historical Demand'!B2 -> Classic Denim Jacket | C2: n/a | D2: n/a | E2: =AVERAGE('Historical Demand'!D2:F2) -> 45.333333 | F2: =AVERAGE('Historical Demand'!E2:G2) -> 48.666667 | G2: =AVERAGE('Historical Demand'!F2:H2) -> 56 | H2: =AVERAGE('Historical Demand'!G2:I2) -> 56.666667 | I2: =AVERAGE('Historical Demand'!H2:J2) -> 54.666667 | J2: =AVERAGE('Historical Demand'!I2:K2) -> 53 | K2: =AVERAGE('Historical Demand'!J2:L2) -> 57.666667 | L2: =AVERAGE('Historical Demand'!K2:M2) -> 67 | ... AL2: =AVERAGE('Historical Demand'!AK2:AM2) -> 95.666667
A3: ='Historical Demand'!A3 -> APP-102 | B3: ='Historical Demand'!B3 -> Cotton Crew T-Shirt | C3: n/a | D3: n/a | E3: =AVERAGE('Historical Demand'!D3:F3) -> 83 | F3: =AVERAGE('Historical Demand'!E3:G3) -> 88 | G3: =AVERAGE('Historical Demand'!F3:H3) -> 100.33333 | H3: =AVERAGE('Historical Demand'!G3:I3) -> 98.333333 | I3: =AVERAGE('Historical Demand'!H3:J3) -> 100 | J3: =AVERAGE('Historical Demand'!I3:K3) -> 98.333333 | K3: =AVERAGE('Historical Demand'!J3:L3) -> 104.33333 | L3: =AVERAGE('Historical Demand'!K3:M3) -> 106.66667 | ... AL3: =AVERAGE('Historical Demand'!AK3:AM3) -> 137.33333
A4: ='Historical Demand'!A4 -> APP-103 | B4: ='Historical Demand'!B4 -> Fleece Pullover Hoodie | C4: n/a | D4: n/a | E4: =AVERAGE('Historical Demand'!D4:F4) -> 47.666667 | F4: =AVERAGE('Historical Demand'!E4:G4) -> 52 | G4: =AVERAGE('Historical Demand'!F4:H4) -> 57 | H4: =AVERAGE('Historical Demand'!G4:I4) -> 57.666667 | I4: =AVERAGE('Historical Demand'!H4:J4) -> 57 | J4: =AVERAGE('Historical Demand'!I4:K4) -> 58.333333 | K4: =AVERAGE('Historical Demand'!J4:L4) -> 64.666667 | L4: =AVERAGE('Historical Demand'!K4:M4) -> 73.333333 | ... AL4: =AVERAGE('Historical Demand'!AK4:AM4) -> 94.333333
A5: ='Historical Demand'!A5 -> APP-104 | B5: ='Historical Demand'!B5 -> Slim Fit Chinos | C5: n/a | D5: n/a | E5: =AVERAGE('Historical Demand'!D5:F5) -> 42.333333 | F5: =AVERAGE('Historical Demand'!E5:G5) -> 44 | G5: =AVERAGE('Historical Demand'!F5:H5) -> 48.666667 | H5: =AVERAGE('Historical Demand'!G5:I5) -> 48.333333 | I5: =AVERAGE('Historical Demand'!H5:J5) -> 46.666667 | J5: =AVERAGE('Historical Demand'!I5:K5) -> 46 | K5: =AVERAGE('Historical Demand'!J5:L5) -> 49.333333 | L5: =AVERAGE('Historical Demand'!K5:M5) -> 54.666667 | ... AL5: =AVERAGE('Historical Demand'!AK5:AM5) -> 69.666667
A6: ='Historical Demand'!A6 -> FTW-201 | B6: ='Historical Demand'!B6 -> Running Sneakers | C6: n/a | D6: n/a | E6: =AVERAGE('Historical Demand'!D6:F6) -> 87.666667 | F6: =AVERAGE('Historical Demand'!E6:G6) -> 97.666667 | G6: =AVERAGE('Historical Demand'!F6:H6) -> 117 | H6: =AVERAGE('Historical Demand'!G6:I6) -> 122 | I6: =AVERAGE('Historical Demand'!H6:J6) -> 123.66667 | J6: =AVERAGE('Historical Demand'!I6:K6) -> 108.33333 | K6: =AVERAGE('Historical Demand'!J6:L6) -> 100 | L6: =AVERAGE('Historical Demand'!K6:M6) -> 88.666667 | ... AL6: =AVERAGE('Historical Demand'!AK6:AM6) -> 125.33333
A7: ='Historical Demand'!A7 -> FTW-202 | B7: ='Historical Demand'!B7 -> Canvas Low-Top | C7: n/a | D7: n/a | E7: =AVERAGE('Historical Demand'!D7:F7) -> 55.333333 | F7: =AVERAGE('Historical Demand'!E7:G7) -> 65.666667 | G7: =AVERAGE('Historical Demand'!F7:H7) -> 73.666667 | H7: =AVERAGE('Historical Demand'!G7:I7) -> 74.333333 | I7: =AVERAGE('Historical Demand'!H7:J7) -> 71.666667 | J7: =AVERAGE('Historical Demand'!I7:K7) -> 65 | K7: =AVERAGE('Historical Demand'!J7:L7) -> 58.666667 | L7: =AVERAGE('Historical Demand'!K7:M7) -> 53 | ... AL7: =AVERAGE('Historical Demand'!AK7:AM7) -> 54.666667
A8: ='Historical Demand'!A8 -> FTW-203 | B8: ='Historical Demand'!B8 -> Leather Ankle Boot | C8: n/a | D8: n/a | E8: =AVERAGE('Historical Demand'!D8:F8) -> 32 | F8: =AVERAGE('Historical Demand'!E8:G8) -> 36.333333 | G8: =AVERAGE('Historical Demand'!F8:H8) -> 40.333333 | H8: =AVERAGE('Historical Demand'!G8:I8) -> 43.333333 | I8: =AVERAGE('Historical Demand'!H8:J8) -> 41.333333 | J8: =AVERAGE('Historical Demand'!I8:K8) -> 37.666667 | K8: =AVERAGE('Historical Demand'!J8:L8) -> 32.666667 | L8: =AVERAGE('Historical Demand'!K8:M8) -> 30 | ... AL8: =AVERAGE('Historical Demand'!AK8:AM8) -> 27.333333
A9: ='Historical Demand'!A9 -> FTW-204 | B9: ='Historical Demand'!B9 -> Slide Sandals | C9: n/a | D9: n/a | E9: =AVERAGE('Historical Demand'!D9:F9) -> 40 | F9: =AVERAGE('Historical Demand'!E9:G9) -> 46 | G9: =AVERAGE('Historical Demand'!F9:H9) -> 52.333333 | H9: =AVERAGE('Historical Demand'!G9:I9) -> 53.333333 | I9: =AVERAGE('Historical Demand'!H9:J9) -> 52 | J9: =AVERAGE('Historical Demand'!I9:K9) -> 49.333333 | K9: =AVERAGE('Historical Demand'!J9:L9) -> 45.333333 | L9: =AVERAGE('Historical Demand'!K9:M9) -> 40.666667 | ... AL9: =AVERAGE('Historical Demand'!AK9:AM9) -> 47.666667
A10: ='Historical Demand'!A10 -> ACC-301 | B10: ='Historical Demand'!B10 -> Leather Belt | C10: n/a | D10: n/a | E10: =AVERAGE('Historical Demand'!D10:F10) -> 31 | F10: =AVERAGE('Historical Demand'!E10:G10) -> 32.666667 | G10: =AVERAGE('Historical Demand'!F10:H10) -> 35.666667 | H10: =AVERAGE('Historical Demand'!G10:I10) -> 40 | I10: =AVERAGE('Historical Demand'!H10:J10) -> 42.333333 | J10: =AVERAGE('Historical Demand'!I10:K10) -> 42 | K10: =AVERAGE('Historical Demand'!J10:L10) -> 39 | L10: =AVERAGE('Historical Demand'!K10:M10) -> 35.666667 | ... AL10: =AVERAGE('Historical Demand'!AK10:AM10) -> 45.666667
A11: ='Historical Demand'!A11 -> ACC-302 | B11: ='Historical Demand'!B11 -> Aviator Sunglasses | C11: n/a | D11: n/a | E11: =AVERAGE('Historical Demand'!D11:F11) -> 39.666667 | F11: =AVERAGE('Historical Demand'!E11:G11) -> 41.666667 | G11: =AVERAGE('Historical Demand'!F11:H11) -> 45.333333 | H11: =AVERAGE('Historical Demand'!G11:I11) -> 51 | I11: =AVERAGE('Historical Demand'!H11:J11) -> 54 | J11: =AVERAGE('Historical Demand'!I11:K11) -> 56.666667 | K11: =AVERAGE('Historical Demand'!J11:L11) -> 54.333333 | L11: =AVERAGE('Historical Demand'!K11:M11) -> 50 | ... AL11: =AVERAGE('Historical Demand'!AK11:AM11) -> 73
A12: ='Historical Demand'!A12 -> ACC-303 | B12: ='Historical Demand'!B12 -> Canvas Tote Bag | C12: n/a | D12: n/a | E12: =AVERAGE('Historical Demand'!D12:F12) -> 24 | F12: =AVERAGE('Historical Demand'!E12:G12) -> 25.333333 | G12: =AVERAGE('Historical Demand'!F12:H12) -> 29 | H12: =AVERAGE('Historical Demand'!G12:I12) -> 32.666667 | I12: =AVERAGE('Historical Demand'!H12:J12) -> 34 | J12: =AVERAGE('Historical Demand'!I12:K12) -> 33 | K12: =AVERAGE('Historical Demand'!J12:L12) -> 29.666667 | L12: =AVERAGE('Historical Demand'!K12:M12) -> 27.333333 | ... AL12: =AVERAGE('Historical Demand'!AK12:AM12) -> 33.666667
A13: ='Historical Demand'!A13 -> ACC-304 | B13: ='Historical Demand'!B13 -> Wool Beanie | C13: n/a | D13: n/a | E13: =AVERAGE('Historical Demand'!D13:F13) -> 27 | F13: =AVERAGE('Historical Demand'!E13:G13) -> 28 | G13: =AVERAGE('Historical Demand'!F13:H13) -> 33 | H13: =AVERAGE('Historical Demand'!G13:I13) -> 38.333333 | I13: =AVERAGE('Historical Demand'!H13:J13) -> 39.666667 | J13: =AVERAGE('Historical Demand'!I13:K13) -> 36.666667 | K13: =AVERAGE('Historical Demand'!J13:L13) -> 32 | L13: =AVERAGE('Historical Demand'!K13:M13) -> 31 | ... AL13: =AVERAGE('Historical Demand'!AK13:AM13) -> 41.666667
... A21: ='Historical Demand'!A21 -> HOM-504 | B21: ='Historical Demand'!B21 -> Bamboo Cutting Board | C21: n/a | D21: n/a | E21: =AVERAGE('Historical Demand'!D21:F21) -> 31 | F21: =AVERAGE('Historical Demand'!E21:G21) -> 34.333333 | G21: =AVERAGE('Historical Demand'!F21:H21) -> 36.666667 | H21: =AVERAGE('Historical Demand'!G21:I21) -> 36 | I21: =AVERAGE('Historical Demand'!H21:J21) -> 30.666667 | J21: =AVERAGE('Historical Demand'!I21:K21) -> 27.666667 | K21: =AVERAGE('Historical Demand'!J21:L21) -> 26.333333 | L21: =AVERAGE('Historical Demand'!K21:M21) -> 28.666667 | ... AL21: =AVERAGE('Historical Demand'!AK21:AM21) -> 44.666667

Sheet Forecast Validation
A1: SKU | B1: Product | C1: Actual Jul-25 | D1: Actual Aug-25 | E1: Actual Sep-25 | F1: Actual Oct-25 | G1: Actual Nov-25 | H1: Actual Dec-25 | I1: ETS Jul-25 | J1: ETS Aug-25 | K1: ETS Sep-25 | L1: ETS Oct-25 | M1: ETS Nov-25 | N1: ETS Dec-25 | O1: ETS MAPE | P1: Naive MA Forecast | Q1: Naive MAPE
A2: ='Historical Demand'!A2 -> APP-101 | B2: ='Historical Demand'!B2 -> Classic Denim Jacket | C2: ='Historical Demand'!AH2 -> 70 | D2: ='Historical Demand'!AI2 -> 67 | E2: ='Historical Demand'!AJ2 -> 77 | F2: ='Historical Demand'!AK2 -> 94 | G2: ='Historical Demand'!AL2 -> 96 | H2: ='Historical Demand'!AM2 -> 97 | I2: =_xlfn.FORECAST.ETS('Historical Demand'!AH$1,'Historical Demand'!$D2:$AG2,'Historical Demand'!$D$1:$AG$1,1,1,1) -> 58.98992 | J2: =_xlfn.FORECAST.ETS('Historical Demand'!AI$1,'Historical Demand'!$D2:$AG2,'Historical Demand'!$D$1:$AG$1,1,1,1) -> 68.454129 | K2: =_xlfn.FORECAST.ETS('Historical Demand'!AJ$1,'Historical Demand'!$D2:$AG2,'Historical Demand'!$D$1:$AG$1,1,1,1) -> 79.357689 | L2: =_xlfn.FORECAST.ETS('Historical Demand'!AK$1,'Historical Demand'!$D2:$AG2,'Historical Demand'!$D$1:$AG$1,1,1,1) -> 82.479587 | M2: =_xlfn.FORECAST.ETS('Historical Demand'!AL$1,'Historical Demand'!$D2:$AG2,'Historical Demand'!$D$1:$AG$1,1,1,1) -> 93.630906 | N2: =_xlfn.FORECAST.ETS('Historical Demand'!AM$1,'Historical Demand'!$D2:$AG2,'Historical Demand'!$D$1:$AG$1,1,1,1) -> 81.94716 | O2: =SUMPRODUCT(ABS(C2:H2-I2:N2)/C2:H2)/6 -> 0.085338197 | P2: =AVERAGE('Historical Demand'!AE2:AG2) -> 64.333333 | Q2: =SUMPRODUCT(ABS(C2:H2-P2)/C2:H2)/6 -> 0.21124821
A3: ='Historical Demand'!A3 -> APP-102 | B3: ='Historical Demand'!B3 -> Cotton Crew T-Shirt | C3: ='Historical Demand'!AH3 -> 88 | D3: ='Historical Demand'!AI3 -> 111 | E3: ='Historical Demand'!AJ3 -> 122 | F3: ='Historical Demand'!AK3 -> 138 | G3: ='Historical Demand'!AL3 -> 145 | H3: ='Historical Demand'!AM3 -> 129 | I3: =_xlfn.FORECAST.ETS('Historical Demand'!AH$1,'Historical Demand'!$D3:$AG3,'Historical Demand'!$D$1:$AG$1,1,1,1) -> 108.02503 | J3: =_xlfn.FORECAST.ETS('Historical Demand'!AI$1,'Historical Demand'!$D3:$AG3,'Historical Demand'!$D$1:$AG$1,1,1,1) -> 113.02503 | K3: =_xlfn.FORECAST.ETS('Historical Demand'!AJ$1,'Historical Demand'!$D3:$AG3,'Historical Demand'!$D$1:$AG$1,1,1,1) -> 122.02503 | L3: =_xlfn.FORECAST.ETS('Historical Demand'!AK$1,'Historical Demand'!$D3:$AG3,'Historical Demand'!$D$1:$AG$1,1,1,1) -> 115.02503 | M3: =_xlfn.FORECAST.ETS('Historical Demand'!AL$1,'Historical Demand'!$D3:$AG3,'Historical Demand'!$D$1:$AG$1,1,1,1) -> 124.02503 | N3: =_xlfn.FORECAST.ETS('Historical Demand'!AM$1,'Historical Demand'!$D3:$AG3,'Historical Demand'!$D$1:$AG$1,1,1,1) -> 128.02503 | O3: =SUMPRODUCT(ABS(C3:H3-I3:N3)/C3:H3)/6 -> 0.094117334 | P3: =AVERAGE('Historical Demand'!AE3:AG3) -> 112 | Q3: =SUMPRODUCT(ABS(C3:H3-P3)/C3:H3)/6 -> 0.15191307
A4: ='Historical Demand'!A4 -> APP-103 | B4: ='Historical Demand'!B4 -> Fleece Pullover Hoodie | C4: ='Historical Demand'!AH4 -> 68 | D4: ='Historical Demand'!AI4 -> 72 | E4: ='Historical Demand'!AJ4 -> 77 | F4: ='Historical Demand'!AK4 -> 97 | G4: ='Historical Demand'!AL4 -> 102 | H4: ='Historical Demand'!AM4 -> 84 | I4: =_xlfn.FORECAST.ETS('Historical Demand'!AH$1,'Historical Demand'!$D4:$AG4,'Historical Demand'!$D$1:$AG$1,1,1,1) -> 67.294184 | J4: =_xlfn.FORECAST.ETS('Historical Demand'!AI$1,'Historical Demand'!$D4:$AG4,'Historical Demand'!$D$1:$AG$1,1,1,1) -> 75.486241 | K4: =_xlfn.FORECAST.ETS('Historical Demand'!AJ$1,'Historical Demand'!$D4:$AG4,'Historical Demand'!$D$1:$AG$1,1,1,1) -> 83.447166 | L4: =_xlfn.FORECAST.ETS('Historical Demand'!AK$1,'Historical Demand'!$D4:$AG4,'Historical Demand'!$D$1:$AG$1,1,1,1) -> 92.560749 | M4: =_xlfn.FORECAST.ETS('Historical Demand'!AL$1,'Historical Demand'!$D4:$AG4,'Historical Demand'!$D$1:$AG$1,1,1,1) -> 92.057248 | N4: =_xlfn.FORECAST.ETS('Historical Demand'!AM$1,'Historical Demand'!$D4:$AG4,'Historical Demand'!$D$1:$AG$1,1,1,1) -> 90.247574 | O4: =SUMPRODUCT(ABS(C4:H4-I4:N4)/C4:H4)/6 -> 0.060024735 | P4: =AVERAGE('Historical Demand'!AE4:AG4) -> 71 | Q4: =SUMPRODUCT(ABS(C4:H4-P4)/C4:H4)/6 -> 0.14377555
A5: ='Historical Demand'!A5 -> APP-104 | B5: ='Historical Demand'!B5 -> Slim Fit Chinos | C5: ='Historical Demand'!AH5 -> 52 | D5: ='Historical Demand'!AI5 -> 59 | E5: ='Historical Demand'!AJ5 -> 57 | F5: ='Historical Demand'!AK5 -> 70 | G5: ='Historical Demand'!AL5 -> 68 | H5: ='Historical Demand'!AM5 -> 71 | I5: =_xlfn.FORECAST.ETS('Historical Demand'!AH$1,'Historical Demand'!$D5:$AG5,'Historical Demand'!$D$1:$AG$1,1,1,1) -> 51.691192 | J5: =_xlfn.FORECAST.ETS('Historical Demand'!AI$1,'Historical Demand'!$D5:$AG5,'Historical Demand'!$D$1:$AG$1,1,1,1) -> 59.58708 | K5: =_xlfn.FORECAST.ETS('Historical Demand'!AJ$1,'Historical Demand'!$D5:$AG5,'Historical Demand'!$D$1:$AG$1,1,1,1) -> 59.657629 | L5: =_xlfn.FORECAST.ETS('Historical Demand'!AK$1,'Historical Demand'!$D5:$AG5,'Historical Demand'!$D$1:$AG$1,1,1,1) -> 67.727076 | M5: =_xlfn.FORECAST.ETS('Historical Demand'!AL$1,'Historical Demand'!$D5:$AG5,'Historical Demand'!$D$1:$AG$1,1,1,1) -> 79.587797 | N5: =_xlfn.FORECAST.ETS('Historical Demand'!AM$1,'Historical Demand'!$D5:$AG5,'Historical Demand'!$D$1:$AG$1,1,1,1) -> 73.710245 | O5: =SUMPRODUCT(ABS(C5:H5-I5:N5)/C5:H5)/6 -> 0.050594297 | P5: =AVERAGE('Historical Demand'!AE5:AG5) -> 58 | Q5: =SUMPRODUCT(ABS(C5:H5-P5)/C5:H5)/6 -> 0.10857727
A6: ='Historical Demand'!A6 -> FTW-201 | B6: ='Historical Demand'!B6 -> Running Sneakers | C6: ='Historical Demand'!AH6 -> 174 | D6: ='Historical Demand'!AI6 -> 142 | E6: ='Historical Demand'!AJ6 -> 129 | F6: ='Historical Demand'!AK6 -> 122 | G6: ='Historical Demand'!AL6 -> 127 | H6: ='Historical Demand'!AM6 -> 127 | I6: =_xlfn.FORECAST.ETS('Historical Demand'!AH$1,'Historical Demand'!$D6:$AG6,'Historical Demand'!$D$1:$AG$1,1,1,1) -> 159.44417 | J6: =_xlfn.FORECAST.ETS('Historical Demand'!AI$1,'Historical Demand'!$D6:$AG6,'Historical Demand'!$D$1:$AG$1,1,1,1) -> 141.57308 | K6: =_xlfn.FORECAST.ETS('Historical Demand'!AJ$1,'Historical Demand'!$D6:$AG6,'Historical Demand'!$D$1:$AG$1,1,1,1) -> 133.28206 | L6: =_xlfn.FORECAST.ETS('Historical Demand'!AK$1,'Historical Demand'!$D6:$AG6,'Historical Demand'!$D$1:$AG$1,1,1,1) -> 124.50863 | M6: =_xlfn.FORECAST.ETS('Historical Demand'!AL$1,'Historical Demand'!$D6:$AG6,'Historical Demand'!$D$1:$AG$1,1,1,1) -> 120.9598 | N6: =_xlfn.FORECAST.ETS('Historical Demand'!AM$1,'Historical Demand'!$D6:$AG6,'Historical Demand'!$D$1:$AG$1,1,1,1) -> 132.15316 | O6: =SUMPRODUCT(ABS(C6:H6-I6:N6)/C6:H6)/6 -> 0.038092359 | P6: =AVERAGE('Historical Demand'!AE6:AG6) -> 163.66667 | Q6: =SUMPRODUCT(ABS(C6:H6-P6)/C6:H6)/6 -> 0.23327681
A7: ='Historical Demand'!A7 -> FTW-202 | B7: ='Historical Demand'!B7 -> Canvas Low-Top | C7: ='Historical Demand'!AH7 -> 65 | D7: ='Historical Demand'!AI7 -> 65 | E7: ='Historical Demand'!AJ7 -> 61 | F7: ='Historical Demand'!AK7 -> 53 | G7: ='Historical Demand'!AL7 -> 55 | H7: ='Historical Demand'!AM7 -> 56 | I7: =_xlfn.FORECAST.ETS('Historical Demand'!AH$1,'Historical Demand'!$D7:$AG7,'Historical Demand'!$D$1:$AG$1,1,1,1) -> 85.151426 | J7: =_xlfn.FORECAST.ETS('Historical Demand'!AI$1,'Historical Demand'!$D7:$AG7,'Historical Demand'!$D$1:$AG$1,1,1,1) -> 79.407276 | K7: =_xlfn.FORECAST.ETS('Historical Demand'!AJ$1,'Historical Demand'!$D7:$AG7,'Historical Demand'!$D$1:$AG$1,1,1,1) -> 74.126338 | L7: =_xlfn.FORECAST.ETS('Historical Demand'!AK$1,'Historical Demand'!$D7:$AG7,'Historical Demand'!$D$1:$AG$1,1,1,1) -> 65.413389 | M7: =_xlfn.FORECAST.ETS('Historical Demand'!AL$1,'Historical Demand'!$D7:$AG7,'Historical Demand'!$D$1:$AG$1,1,1,1) -> 60.411394 | N7: =_xlfn.FORECAST.ETS('Historical Demand'!AM$1,'Historical Demand'!$D7:$AG7,'Historical Demand'!$D$1:$AG$1,1,1,1) -> 57.64202 | O7: =SUMPRODUCT(ABS(C7:H7-I7:N7)/C7:H7)/6 -> 0.18479731 | P7: =AVERAGE('Historical Demand'!AE7:AG7) -> 76.666667 | Q7: =SUMPRODUCT(ABS(C7:H7-P7)/C7:H7)/6 -> 0.30422214
A8: ='Historical Demand'!A8 -> FTW-203 | B8: ='Historical Demand'!B8 -> Leather Ankle Boot | C8: ='Historical Demand'!AH8 -> 34 | D8: ='Historical Demand'!AI8 -> 31 | E8: ='Historical Demand'!AJ8 -> 33 | F8: ='Historical Demand'!AK8 -> 28 | G8: ='Historical Demand'!AL8 -> 24 | H8: ='Historical Demand'!AM8 -> 30 | I8: =_xlfn.FORECAST.ETS('Historical Demand'!AH$1,'Historical Demand'!$D8:$AG8,'Historical Demand'!$D$1:$AG$1,1,1,1) -> 34.054632 | J8: =_xlfn.FORECAST.ETS('Historical Demand'!AI$1,'Historical Demand'!$D8:$AG8,'Historical Demand'!$D$1:$AG$1,1,1,1) -> 31.054632 | K8: =_xlfn.FORECAST.ETS('Historical Demand'!AJ$1,'Historical Demand'!$D8:$AG8,'Historical Demand'!$D$1:$AG$1,1,1,1) -> 30.054632 | L8: =_xlfn.FORECAST.ETS('Historical Demand'!AK$1,'Historical Demand'!$D8:$AG8,'Historical Demand'!$D$1:$AG$1,1,1,1) -> 26.054632 | M8: =_xlfn.FORECAST.ETS('Historical Demand'!AL$1,'Historical Demand'!$D8:$AG8,'Historical Demand'!$D$1:$AG$1,1,1,1) -> 28.054632 | N8: =_xlfn.FORECAST.ETS('Historical Demand'!AM$1,'Historical Demand'!$D8:$AG8,'Historical Demand'!$D$1:$AG$1,1,1,1) -> 26.054632 | O8: =SUMPRODUCT(ABS(C8:H8-I8:N8)/C8:H8)/6 -> 0.077092569 | P8: =AVERAGE('Historical Demand'!AE8:AG8) -> 44.333333 | Q8: =SUMPRODUCT(ABS(C8:H8-P8)/C8:H8)/6 -> 0.4976328
A9: ='Historical Demand'!A9 -> FTW-204 | B9: ='Historical Demand'!B9 -> Slide Sandals | C9: ='Historical Demand'!AH9 -> 55 | D9: ='Historical Demand'!AI9 -> 55 | E9: ='Historical Demand'!AJ9 -> 49 | F9: ='Historical Demand'!AK9 -> 43 | G9: ='Historical Demand'!AL9 -> 49 | H9: ='Historical Demand'!AM9 -> 51 | I9: =_xlfn.FORECAST.ETS('Historical Demand'!AH$1,'Historical Demand'!$D9:$AG9,'Historical Demand'!$D$1:$AG$1,1,1,1) -> 53.363636 | J9: =_xlfn.FORECAST.ETS('Historical Demand'!AI$1,'Historical Demand'!$D9:$AG9,'Historical Demand'!$D$1:$AG$1,1,1,1) -> 51.363636 | K9: =_xlfn.FORECAST.ETS('Historical Demand'!AJ$1,'Historical Demand'!$D9:$AG9,'Historical Demand'!$D$1:$AG$1,1,1,1) -> 50.363636 | L9: =_xlfn.FORECAST.ETS('Historical Demand'!AK$1,'Historical Demand'!$D9:$AG9,'Historical Demand'!$D$1:$AG$1,1,1,1) -> 49.363636 | M9: =_xlfn.FORECAST.ETS('Historical Demand'!AL$1,'Historical Demand'!$D9:$AG9,'Historical Demand'!$D$1:$AG$1,1,1,1) -> 44.363636 | N9: =_xlfn.FORECAST.ETS('Historical Demand'!AM$1,'Historical Demand'!$D9:$AG9,'Historical Demand'!$D$1:$AG$1,1,1,1) -> 49.363636 | O9: =SUMPRODUCT(ABS(C9:H9-I9:N9)/C9:H9)/6 -> 0.066398976 | P9: =AVERAGE('Historical Demand'!AE9:AG9) -> 67.333333 | Q9: =SUMPRODUCT(ABS(C9:H9-P9)/C9:H9)/6 -> 0.34715618
A10: ='Historical Demand'!A10 -> ACC-301 | B10: ='Historical Demand'!B10 -> Leather Belt | C10: ='Historical Demand'!AH10 -> 47 | D10: ='Historical Demand'!AI10 -> 35 | E10: ='Historical Demand'!AJ10 -> 35 | F10: ='Historical Demand'!AK10 -> 42 | G10: ='Historical Demand'!AL10 -> 43 | H10: ='Historical Demand'!AM10 -> 52 | I10: =_xlfn.FORECAST.ETS('Historical Demand'!AH$1,'Historical Demand'!$D10:$AG10,'Historical Demand'!$D$1:$AG$1,1,1,1) -> 52.443134 | J10: =_xlfn.FORECAST.ETS('Historical Demand'!AI$1,'Historical Demand'!$D10:$AG10,'Historical Demand'!$D$1:$AG$1,1,1,1) -> 44.948993 | K10: =_xlfn.FORECAST.ETS('Historical Demand'!AJ$1,'Historical Demand'!$D10:$AG10,'Historical Demand'!$D$1:$AG$1,1,1,1) -> 40.16579 | L10: =_xlfn.FORECAST.ETS('Historical Demand'!AK$1,'Historical Demand'!$D10:$AG10,'Historical Demand'!$D$1:$AG$1,1,1,1) -> 38.912861 | M10: =_xlfn.FORECAST.ETS('Historical Demand'!AL$1,'Historical Demand'!$D10:$AG10,'Historical Demand'!$D$1:$AG$1,1,1,1) -> 42.696064 | N10: =_xlfn.FORECAST.ETS('Historical Demand'!AM$1,'Historical Demand'!$D10:$AG10,'Historical Demand'!$D$1:$AG$1,1,1,1) -> 43.659931 | O10: =SUMPRODUCT(ABS(C10:H10-I10:N10)/C10:H10)/6 -> 0.13143665 | P10: =AVERAGE('Historical Demand'!AE10:AG10) -> 42.666667 | Q10: =SUMPRODUCT(ABS(C10:H10-P10)/C10:H10)/6 -> 0.12223433
A11: ='Historical Demand'!A11 -> ACC-302 | B11: ='Historical Demand'!B11 -> Aviator Sunglasses | C11: ='Historical Demand'!AH11 -> 70 | D11: ='Historical Demand'!AI11 -> 67 | E11: ='Historical Demand'!AJ11 -> 60 | F11: ='Historical Demand'!AK11 -> 56 | G11: ='Historical Demand'!AL11 -> 73 | H11: ='Historical Demand'!AM11 -> 90 | I11: =_xlfn.FORECAST.ETS('Historical Demand'!AH$1,'Historical Demand'!$D11:$AG11,'Historical Demand'!$D$1:$AG$1,1,1,1) -> 70.333981 | J11: =_xlfn.FORECAST.ETS('Historical Demand'!AI$1,'Historical Demand'!$D11:$AG11,'Historical Demand'!$D$1:$AG$1,1,1,1) -> 68.932998 | K11: =_xlfn.FORECAST.ETS('Historical Demand'!AJ$1,'Historical Demand'!$D11:$AG11,'Historical Demand'!$D$1:$AG$1,1,1,1) -> 68.532015 | L11: =_xlfn.FORECAST.ETS('Historical Demand'!AK$1,'Historical Demand'!$D11:$AG11,'Historical Demand'!$D$1:$AG$1,1,1,1) -> 59.131032 | M11: =_xlfn.FORECAST.ETS('Historical Demand'!AL$1,'Historical Demand'!$D11:$AG11,'Historical Demand'!$D$1:$AG$1,1,1,1) -> 75.730049 | N11: =_xlfn.FORECAST.ETS('Historical Demand'!AM$1,'Historical Demand'!$D11:$AG11,'Historical Demand'!$D$1:$AG$1,1,1,1) -> 83.329066 | O11: =SUMPRODUCT(ABS(C11:H11-I11:N11)/C11:H11)/6 -> 0.057208806 | P11: =AVERAGE('Historical Demand'!AE11:AG11) -> 66.666667 | Q11: =SUMPRODUCT(ABS(C11:H11-P11)/C11:H11)/6 -> 0.11669979
A12: ='Historical Demand'!A12 -> ACC-303 | B12: ='Historical Demand'!B12 -> Canvas Tote Bag | C12: ='Historical Demand'!AH12 -> 37 | D12: ='Historical Demand'!AI12 -> 29 | E12: ='Historical Demand'!AJ12 -> 28 | F12: ='Historical Demand'!AK12 -> 27 | G12: ='Historical Demand'!AL12 -> 33 | H12: ='Historical Demand'!AM12 -> 41 | I12: =_xlfn.FORECAST.ETS('Historical Demand'!AH$1,'Historical Demand'!$D12:$AG12,'Historical Demand'!$D$1:$AG$1,1,1,1) -> 33.345104 | J12: =_xlfn.FORECAST.ETS('Historical Demand'!AI$1,'Historical Demand'!$D12:$AG12,'Historical Demand'!$D$1:$AG$1,1,1,1) -> 32.921518 | K12: =_xlfn.FORECAST.ETS('Historical Demand'!AJ$1,'Historical Demand'!$D12:$AG12,'Historical Demand'!$D$1:$AG$1,1,1,1) -> 26.345173 | L12: =_xlfn.FORECAST.ETS('Historical Demand'!AK$1,'Historical Demand'!$D12:$AG12,'Historical Demand'!$D$1:$AG$1,1,1,1) -> 26.768415 | M12: =_xlfn.FORECAST.ETS('Historical Demand'!AL$1,'Historical Demand'!$D12:$AG12,'Historical Demand'!$D$1:$AG$1,1,1,1) -> 32.344415 | N12: =_xlfn.FORECAST.ETS('Historical Demand'!AM$1,'Historical Demand'!$D12:$AG12,'Historical Demand'!$D$1:$AG$1,1,1,1) -> 38.767658 | O12: =SUMPRODUCT(ABS(C12:H12-I12:N12)/C12:H12)/6 -> 0.062666245 | P12: =AVERAGE('Historical Demand'!AE12:AG12) -> 31.666667 | Q12: =SUMPRODUCT(ABS(C12:H12-P12)/C12:H12)/6 -> 0.13465606
A13: ='Historical Demand'!A13 -> ACC-304 | B13: ='Historical Demand'!B13 -> Wool Beanie | C13: ='Historical Demand'!AH13 -> 42 | D13: ='Historical Demand'!AI13 -> 32 | E13: ='Historical Demand'!AJ13 -> 37 | F13: ='Historical Demand'!AK13 -> 31 | G13: ='Historical Demand'!AL13 -> 41 | H13: ='Historical Demand'!AM13 -> 53 | I13: =_xlfn.FORECAST.ETS('Historical Demand'!AH$1,'Historical Demand'!$D13:$AG13,'Historical Demand'!$D$1:$AG$1,1,1,1) -> 41.74736 | J13: =_xlfn.FORECAST.ETS('Historical Demand'!AI$1,'Historical Demand'!$D13:$AG13,'Historical Demand'!$D$1:$AG$1,1,1,1) -> 36.012416 | K13: =_xlfn.FORECAST.ETS('Historical Demand'!AJ$1,'Historical Demand'!$D13:$AG13,'Historical Demand'!$D$1:$AG$1,1,1,1) -> 32.057328 | L13: =_xlfn.FORECAST.ETS('Historical Demand'!AK$1,'Historical Demand'!$D13:$AG13,'Historical Demand'!$D$1:$AG$1,1,1,1) -> 33.391059 | M13: =_xlfn.FORECAST.ETS('Historical Demand'!AL$1,'Historical Demand'!$D13:$AG13,'Historical Demand'!$D$1:$AG$1,1,1,1) -> 45.71823 | N13: =_xlfn.FORECAST.ETS('Historical Demand'!AM$1,'Historical Demand'!$D13:$AG13,'Historical Demand'!$D$1:$AG$1,1,1,1) -> 49.461048 | O13: =SUMPRODUCT(ABS(C13:H13-I13:N13)/C13:H13)/6 -> 0.087328561 | P13: =AVERAGE('Historical Demand'!AE13:AG13) -> 39.333333 | Q13: =SUMPRODUCT(ABS(C13:H13-P13)/C13:H13)/6 -> 0.15384184
... A21: ='Historical Demand'!A21 -> HOM-504 | B21: ='Historical Demand'!B21 -> Bamboo Cutting Board | C21: ='Historical Demand'!AH21 -> 28 | D21: ='Historical Demand'!AI21 -> 32 | E21: ='Historical Demand'!AJ21 -> 36 | F21: ='Historical Demand'!AK21 -> 38 | G21: ='Historical Demand'!AL21 -> 45 | H21: ='Historical Demand'!AM21 -> 51 | I21: =_xlfn.FORECAST.ETS('Historical Demand'!AH$1,'Historical Demand'!$D21:$AG21,'Historical Demand'!$D$1:$AG$1,1,1,1) -> 30.731852 | J21: =_xlfn.FORECAST.ETS('Historical Demand'!AI$1,'Historical Demand'!$D21:$AG21,'Historical Demand'!$D$1:$AG$1,1,1,1) -> 31.240641 | K21: =_xlfn.FORECAST.ETS('Historical Demand'!AJ$1,'Historical Demand'!$D21:$AG21,'Historical Demand'!$D$1:$AG$1,1,1,1) -> 33.03361 | L21: =_xlfn.FORECAST.ETS('Historical Demand'!AK$1,'Historical Demand'!$D21:$AG21,'Historical Demand'!$D$1:$AG$1,1,1,1) -> 33.542399 | M21: =_xlfn.FORECAST.ETS('Historical Demand'!AL$1,'Historical Demand'!$D21:$AG21,'Historical Demand'!$D$1:$AG$1,1,1,1) -> 43.938883 | N21: =_xlfn.FORECAST.ETS('Historical Demand'!AM$1,'Historical Demand'!$D21:$AG21,'Historical Demand'!$D$1:$AG$1,1,1,1) -> 53.03361 | O21: =SUMPRODUCT(ABS(C21:H21-I21:N21)/C21:H21)/6 -> 0.064076032 | P21: =AVERAGE('Historical Demand'!AE21:AG21) -> 36 | Q21: =SUMPRODUCT(ABS(C21:H21-P21)/C21:H21)/6 -> 0.15957725
B23: Total (all SKUs) | I23: =SUM(I2:I21) -> 1265.8511 | J23: =SUM(J2:J21) -> 1257.9499 | K23: =SUM(K2:K21) -> 1265.9568 | L23: =SUM(L2:L21) -> 1294.8135 | M23: =SUM(M2:M21) -> 1492.549 | N23: =SUM(N2:N21) -> 1564.7156

Sheet Forward Forecast
A1: SKU | B1: Product | C1: Category | D1: Jan-26 | E1: Feb-26 | F1: Mar-26 | G1: Apr-26 | H1: May-26 | I1: Jun-26 | J1: Avg Monthly Forecast | K1: Recommended Order Qty (next month + 15% buffer)
A2: ='Historical Demand'!A2 -> APP-101 | B2: ='Historical Demand'!B2 -> Classic Denim Jacket | C2: ='Historical Demand'!C2 -> Apparel | D2: =_xlfn.FORECAST.ETS(DATE(2026,1,1),'Historical Demand'!$D2:$AM2,'Historical Demand'!$D$1:$AM$1,1,1,1) -> 87.234901 | E2: =_xlfn.FORECAST.ETS(DATE(2026,2,1),'Historical Demand'!$D2:$AM2,'Historical Demand'!$D$1:$AM$1,1,1,1) -> 67.248573 | F2: =_xlfn.FORECAST.ETS(DATE(2026,3,1),'Historical Demand'!$D2:$AM2,'Historical Demand'!$D$1:$AM$1,1,1,1) -> 60.237831 | G2: =_xlfn.FORECAST.ETS(DATE(2026,4,1),'Historical Demand'!$D2:$AM2,'Historical Demand'!$D$1:$AM$1,1,1,1) -> 70.220252 | H2: =_xlfn.FORECAST.ETS(DATE(2026,5,1),'Historical Demand'!$D2:$AM2,'Historical Demand'!$D$1:$AM$1,1,1,1) -> 75.233909 | I2: =_xlfn.FORECAST.ETS(DATE(2026,6,1),'Historical Demand'!$D2:$AM2,'Historical Demand'!$D$1:$AM$1,1,1,1) -> 71.236848 | J2: =AVERAGE(D2:I2) -> 71.902052 | K2: =ROUND(D2*1.15,0) -> 100
A3: ='Historical Demand'!A3 -> APP-102 | B3: ='Historical Demand'!B3 -> Cotton Crew T-Shirt | C3: ='Historical Demand'!C3 -> Apparel | D3: =_xlfn.FORECAST.ETS(DATE(2026,1,1),'Historical Demand'!$D3:$AM3,'Historical Demand'!$D$1:$AM$1,1,1,1) -> 100.10542 | E3: =_xlfn.FORECAST.ETS(DATE(2026,2,1),'Historical Demand'!$D3:$AM3,'Historical Demand'!$D$1:$AM$1,1,1,1) -> 93.624504 | F3: =_xlfn.FORECAST.ETS(DATE(2026,3,1),'Historical Demand'!$D3:$AM3,'Historical Demand'!$D$1:$AM$1,1,1,1) -> 117.25244 | G3: =_xlfn.FORECAST.ETS(DATE(2026,4,1),'Historical Demand'!$D3:$AM3,'Historical Demand'!$D$1:$AM$1,1,1,1) -> 116.00297 | H3: =_xlfn.FORECAST.ETS(DATE(2026,5,1),'Historical Demand'!$D3:$AM3,'Historical Demand'!$D$1:$AM$1,1,1,1) -> 125.06623 | I3: =_xlfn.FORECAST.ETS(DATE(2026,6,1),'Historical Demand'!$D3:$AM3,'Historical Demand'!$D$1:$AM$1,1,1,1) -> 115.78809 | J3: =AVERAGE(D3:I3) -> 111.30661 | K3: =ROUND(D3*1.15,0) -> 115
A4: ='Historical Demand'!A4 -> APP-103 | B4: ='Historical Demand'!B4 -> Fleece Pullover Hoodie | C4: ='Historical Demand'!C4 -> Apparel | D4: =_xlfn.FORECAST.ETS(DATE(2026,1,1),'Historical Demand'!$D4:$AM4,'Historical Demand'!$D$1:$AM$1,1,1,1) -> 75.526386 | E4: =_xlfn.FORECAST.ETS(DATE(2026,2,1),'Historical Demand'!$D4:$AM4,'Historical Demand'!$D$1:$AM$1,1,1,1) -> 71.590086 | F4: =_xlfn.FORECAST.ETS(DATE(2026,3,1),'Historical Demand'!$D4:$AM4,'Historical Demand'!$D$1:$AM$1,1,1,1) -> 80.002801 | G4: =_xlfn.FORECAST.ETS(DATE(2026,4,1),'Historical Demand'!$D4:$AM4,'Historical Demand'!$D$1:$AM$1,1,1,1) -> 82.564055 | H4: =_xlfn.FORECAST.ETS(DATE(2026,5,1),'Historical Demand'!$D4:$AM4,'Historical Demand'!$D$1:$AM$1,1,1,1) -> 82.918991 | I4: =_xlfn.FORECAST.ETS(DATE(2026,6,1),'Historical Demand'!$D4:$AM4,'Historical Demand'!$D$1:$AM$1,1,1,1) -> 74.933504 | J4: =AVERAGE(D4:I4) -> 77.922637 | K4: =ROUND(D4*1.15,0) -> 87
A5: ='Historical Demand'!A5 -> APP-104 | B5: ='Historical Demand'!B5 -> Slim Fit Chinos | C5: ='Historical Demand'!C5 -> Apparel | D5: =_xlfn.FORECAST.ETS(DATE(2026,1,1),'Historical Demand'!$D5:$AM5,'Historical Demand'!$D$1:$AM$1,1,1,1) -> 51.535444 | E5: =_xlfn.FORECAST.ETS(DATE(2026,2,1),'Historical Demand'!$D5:$AM5,'Historical Demand'!$D$1:$AM$1,1,1,1) -> 47.046172 | F5: =_xlfn.FORECAST.ETS(DATE(2026,3,1),'Historical Demand'!$D5:$AM5,'Historical Demand'!$D$1:$AM$1,1,1,1) -> 54.459657 | G5: =_xlfn.FORECAST.ETS(DATE(2026,4,1),'Historical Demand'!$D5:$AM5,'Historical Demand'!$D$1:$AM$1,1,1,1) -> 61.622104 | H5: =_xlfn.FORECAST.ETS(DATE(2026,5,1),'Historical Demand'!$D5:$AM5,'Historical Demand'!$D$1:$AM$1,1,1,1) -> 61.029979 | I5: =_xlfn.FORECAST.ETS(DATE(2026,6,1),'Historical Demand'!$D5:$AM5,'Historical Demand'!$D$1:$AM$1,1,1,1) -> 54.752563 | J5: =AVERAGE(D5:I5) -> 55.07432 | K5: =ROUND(D5*1.15,0) -> 59
A6: ='Historical Demand'!A6 -> FTW-201 | B6: ='Historical Demand'!B6 -> Running Sneakers | C6: ='Historical Demand'!C6 -> Footwear | D6: =_xlfn.FORECAST.ETS(DATE(2026,1,1),'Historical Demand'!$D6:$AM6,'Historical Demand'!$D$1:$AM$1,1,1,1) -> 127.08333 | E6: =_xlfn.FORECAST.ETS(DATE(2026,2,1),'Historical Demand'!$D6:$AM6,'Historical Demand'!$D$1:$AM$1,1,1,1) -> 120.08333 | F6: =_xlfn.FORECAST.ETS(DATE(2026,3,1),'Historical Demand'!$D6:$AM6,'Historical Demand'!$D$1:$AM$1,1,1,1) -> 140.08333 | G6: =_xlfn.FORECAST.ETS(DATE(2026,4,1),'Historical Demand'!$D6:$AM6,'Historical Demand'!$D$1:$AM$1,1,1,1) -> 162.08333 | H6: =_xlfn.FORECAST.ETS(DATE(2026,5,1),'Historical Demand'!$D6:$AM6,'Historical Demand'!$D$1:$AM$1,1,1,1) -> 191.08333 | I6: =_xlfn.FORECAST.ETS(DATE(2026,6,1),'Historical Demand'!$D6:$AM6,'Historical Demand'!$D$1:$AM$1,1,1,1) -> 198.08333 | J6: =AVERAGE(D6:I6) -> 156.41667 | K6: =ROUND(D6*1.15,0) -> 146
A7: ='Historical Demand'!A7 -> FTW-202 | B7: ='Historical Demand'!B7 -> Canvas Low-Top | C7: ='Historical Demand'!C7 -> Footwear | D7: =_xlfn.FORECAST.ETS(DATE(2026,1,1),'Historical Demand'!$D7:$AM7,'Historical Demand'!$D$1:$AM$1,1,1,1) -> 55.591684 | E7: =_xlfn.FORECAST.ETS(DATE(2026,2,1),'Historical Demand'!$D7:$AM7,'Historical Demand'!$D$1:$AM$1,1,1,1) -> 63.543384 | F7: =_xlfn.FORECAST.ETS(DATE(2026,3,1),'Historical Demand'!$D7:$AM7,'Historical Demand'!$D$1:$AM$1,1,1,1) -> 70.520852 | G7: =_xlfn.FORECAST.ETS(DATE(2026,4,1),'Historical Demand'!$D7:$AM7,'Historical Demand'!$D$1:$AM$1,1,1,1) -> 82.506461 | H7: =_xlfn.FORECAST.ETS(DATE(2026,5,1),'Historical Demand'!$D7:$AM7,'Historical Demand'!$D$1:$AM$1,1,1,1) -> 84.488399 | I7: =_xlfn.FORECAST.ETS(DATE(2026,6,1),'Historical Demand'!$D7:$AM7,'Historical Demand'!$D$1:$AM$1,1,1,1) -> 67.472428 | J7: =AVERAGE(D7:I7) -> 70.687201 | K7: =ROUND(D7*1.15,0) -> 64
A8: ='Historical Demand'!A8 -> FTW-203 | B8: ='Historical Demand'!B8 -> Leather Ankle Boot | C8: ='Historical Demand'!C8 -> Footwear | D8: =_xlfn.FORECAST.ETS(DATE(2026,1,1),'Historical Demand'!$D8:$AM8,'Historical Demand'!$D$1:$AM$1,1,1,1) -> 26.076246 | E8: =_xlfn.FORECAST.ETS(DATE(2026,2,1),'Historical Demand'!$D8:$AM8,'Historical Demand'!$D$1:$AM$1,1,1,1) -> 29.276567 | F8: =_xlfn.FORECAST.ETS(DATE(2026,3,1),'Historical Demand'!$D8:$AM8,'Historical Demand'!$D$1:$AM$1,1,1,1) -> 33.543675 | G8: =_xlfn.FORECAST.ETS(DATE(2026,4,1),'Historical Demand'!$D8:$AM8,'Historical Demand'!$D$1:$AM$1,1,1,1) -> 40.228695 | H8: =_xlfn.FORECAST.ETS(DATE(2026,5,1),'Historical Demand'!$D8:$AM8,'Historical Demand'!$D$1:$AM$1,1,1,1) -> 42.289464 | I8: =_xlfn.FORECAST.ETS(DATE(2026,6,1),'Historical Demand'!$D8:$AM8,'Historical Demand'!$D$1:$AM$1,1,1,1) -> 43.521381 | J8: =AVERAGE(D8:I8) -> 35.822671 | K8: =ROUND(D8*1.15,0) -> 30
A9: ='Historical Demand'!A9 -> FTW-204 | B9: ='Historical Demand'!B9 -> Slide Sandals | C9: ='Historical Demand'!C9 -> Footwear | D9: =_xlfn.FORECAST.ETS(DATE(2026,1,1),'Historical Demand'!$D9:$AM9,'Historical Demand'!$D$1:$AM$1,1,1,1) -> 52.363636 | E9: =_xlfn.FORECAST.ETS(DATE(2026,2,1),'Historical Demand'!$D9:$AM9,'Historical Demand'!$D$1:$AM$1,1,1,1) -> 64.363636 | F9: =_xlfn.FORECAST.ETS(DATE(2026,3,1),'Historical Demand'!$D9:$AM9,'Historical Demand'!$D$1:$AM$1,1,1,1) -> 72.363636 | G9: =_xlfn.FORECAST.ETS(DATE(2026,4,1),'Historical Demand'!$D9:$AM9,'Historical Demand'!$D$1:$AM$1,1,1,1) -> 74.363636 | H9: =_xlfn.FORECAST.ETS(DATE(2026,5,1),'Historical Demand'!$D9:$AM9,'Historical Demand'!$D$1:$AM$1,1,1,1) -> 71.363636 | I9: =_xlfn.FORECAST.ETS(DATE(2026,6,1),'Historical Demand'!$D9:$AM9,'Historical Demand'!$D$1:$AM$1,1,1,1) -> 60.363636 | J9: =AVERAGE(D9:I9) -> 65.863636 | K9: =ROUND(D9*1.15,0) -> 60
A10: ='Historical Demand'!A10 -> ACC-301 | B10: ='Historical Demand'!B10 -> Leather Belt | C10: ='Historical Demand'!C10 -> Accessories | D10: =_xlfn.FORECAST.ETS(DATE(2026,1,1),'Historical Demand'!$D10:$AM10,'Historical Demand'!$D$1:$AM$1,1,1,1) -> 33.717288 | E10: =_xlfn.FORECAST.ETS(DATE(2026,2,1),'Historical Demand'!$D10:$AM10,'Historical Demand'!$D$1:$AM$1,1,1,1) -> 29.369979 | F10: =_xlfn.FORECAST.ETS(DATE(2026,3,1),'Historical Demand'!$D10:$AM10,'Historical Demand'!$D$1:$AM$1,1,1,1) -> 35.140193 | G10: =_xlfn.FORECAST.ETS(DATE(2026,4,1),'Historical Demand'!$D10:$AM10,'Historical Demand'!$D$1:$AM$1,1,1,1) -> 37.490064 | H10: =_xlfn.FORECAST.ETS(DATE(2026,5,1),'Historical Demand'!$D10:$AM10,'Historical Demand'!$D$1:$AM$1,1,1,1) -> 40.956516 | I10: =_xlfn.FORECAST.ETS(DATE(2026,6,1),'Historical Demand'!$D10:$AM10,'Historical Demand'!$D$1:$AM$1,1,1,1) -> 46.574358 | J10: =AVERAGE(D10:I10) -> 37.208066 | K10: =ROUND(D10*1.15,0) -> 39
A11: ='Historical Demand'!A11 -> ACC-302 | B11: ='Historical Demand'!B11 -> Aviator Sunglasses | C11: ='Historical Demand'!C11 -> Accessories | D11: =_xlfn.FORECAST.ETS(DATE(2026,1,1),'Historical Demand'!$D11:$AM11,'Historical Demand'!$D$1:$AM$1,1,1,1) -> 54.537052 | E11: =_xlfn.FORECAST.ETS(DATE(2026,2,1),'Historical Demand'!$D11:$AM11,'Historical Demand'!$D$1:$AM$1,1,1,1) -> 56.348751 | F11: =_xlfn.FORECAST.ETS(DATE(2026,3,1),'Historical Demand'!$D11:$AM11,'Historical Demand'!$D$1:$AM$1,1,1,1) -> 64.158339 | G11: =_xlfn.FORECAST.ETS(DATE(2026,4,1),'Historical Demand'!$D11:$AM11,'Historical Demand'!$D$1:$AM$1,1,1,1) -> 68.46411 | H11: =_xlfn.FORECAST.ETS(DATE(2026,5,1),'Historical Demand'!$D11:$AM11,'Historical Demand'!$D$1:$AM$1,1,1,1) -> 68.819499 | I11: =_xlfn.FORECAST.ETS(DATE(2026,6,1),'Historical Demand'!$D11:$AM11,'Historical Demand'!$D$1:$AM$1,1,1,1) -> 82.174421 | J11: =AVERAGE(D11:I11) -> 65.750362 | K11: =ROUND(D11*1.15,0) -> 63
A12: ='Historical Demand'!A12 -> ACC-303 | B12: ='Historical Demand'!B12 -> Canvas Tote Bag | C12: ='Historical Demand'!C12 -> Accessories | D12: =_xlfn.FORECAST.ETS(DATE(2026,1,1),'Historical Demand'!$D12:$AM12,'Historical Demand'!$D$1:$AM$1,1,1,1) -> 23.000895 | E12: =_xlfn.FORECAST.ETS(DATE(2026,2,1),'Historical Demand'!$D12:$AM12,'Historical Demand'!$D$1:$AM$1,1,1,1) -> 24.679659 | F12: =_xlfn.FORECAST.ETS(DATE(2026,3,1),'Historical Demand'!$D12:$AM12,'Historical Demand'!$D$1:$AM$1,1,1,1) -> 28.697067 | G12: =_xlfn.FORECAST.ETS(DATE(2026,4,1),'Historical Demand'!$D12:$AM12,'Historical Demand'!$D$1:$AM$1,1,1,1) -> 29.543408 | H12: =_xlfn.FORECAST.ETS(DATE(2026,5,1),'Historical Demand'!$D12:$AM12,'Historical Demand'!$D$1:$AM$1,1,1,1) -> 32.597883 | I12: =_xlfn.FORECAST.ETS(DATE(2026,6,1),'Historical Demand'!$D12:$AM12,'Historical Demand'!$D$1:$AM$1,1,1,1) -> 37.583701 | J12: =AVERAGE(D12:I12) -> 29.350436 | K12: =ROUND(D12*1.15,0) -> 26
A13: ='Historical Demand'!A13 -> ACC-304 | B13: ='Historical Demand'!B13 -> Wool Beanie | C13: ='Historical Demand'!C13 -> Accessories | D13: =_xlfn.FORECAST.ETS(DATE(2026,1,1),'Historical Demand'!$D13:$AM13,'Historical Demand'!$D$1:$AM$1,1,1,1) -> 29.377779 | E13: =_xlfn.FORECAST.ETS(DATE(2026,2,1),'Historical Demand'!$D13:$AM13,'Historical Demand'!$D$1:$AM$1,1,1,1) -> 28.609136 | F13: =_xlfn.FORECAST.ETS(DATE(2026,3,1),'Historical Demand'!$D13:$AM13,'Historical Demand'!$D$1:$AM$1,1,1,1) -> 35.550292 | G13: =_xlfn.FORECAST.ETS(DATE(2026,4,1),'Historical Demand'!$D13:$AM13,'Historical Demand'!$D$1:$AM$1,1,1,1) -> 37.967716 | H13: =_xlfn.FORECAST.ETS(DATE(2026,5,1),'Historical Demand'!$D13:$AM13,'Historical Demand'!$D$1:$AM$1,1,1,1) -> 42.233469 | I13: =_xlfn.FORECAST.ETS(DATE(2026,6,1),'Historical Demand'!$D13:$AM13,'Historical Demand'!$D$1:$AM$1,1,1,1) -> 45.596773 | J13: =AVERAGE(D13:I13) -> 36.555861 | K13: =ROUND(D13*1.15,0) -> 34
... A21: ='Historical Demand'!A21 -> HOM-504 | B21: ='Historical Demand'!B21 -> Bamboo Cutting Board | C21: ='Historical Demand'!C21 -> Home Goods | D21: =_xlfn.FORECAST.ETS(DATE(2026,1,1),'Historical Demand'!$D21:$AM21,'Historical Demand'!$D$1:$AM$1,1,1,1) -> 30.447917 | E21: =_xlfn.FORECAST.ETS(DATE(2026,2,1),'Historical Demand'!$D21:$AM21,'Historical Demand'!$D$1:$AM$1,1,1,1) -> 32.53776 | F21: =_xlfn.FORECAST.ETS(DATE(2026,3,1),'Historical Demand'!$D21:$AM21,'Historical Demand'!$D$1:$AM$1,1,1,1) -> 39.75651 | G21: =_xlfn.FORECAST.ETS(DATE(2026,4,1),'Historical Demand'!$D21:$AM21,'Historical Demand'!$D$1:$AM$1,1,1,1) -> 39.10026 | H21: =_xlfn.FORECAST.ETS(DATE(2026,5,1),'Historical Demand'!$D21:$AM21,'Historical Demand'!$D$1:$AM$1,1,1,1) -> 41.178385 | I21: =_xlfn.FORECAST.ETS(DATE(2026,6,1),'Historical Demand'!$D21:$AM21,'Historical Demand'!$D$1:$AM$1,1,1,1) -> 32.053385 | J21: =AVERAGE(D21:I21) -> 35.845703 | K21: =ROUND(D21*1.15,0) -> 35
A23: Total | D23: =SUM(D2:D21) -> 1258.2836 | E23: =SUM(E2:E21) -> 1145.1666 | F23: =SUM(F2:F21) -> 1268.8534 | G23: =SUM(G2:G21) -> 1349.0948 | H23: =SUM(H2:H21) -> 1399.1497 | I23: =SUM(I2:I21) -> 1390.7028
